{
  "intrinsics" : {
    "left_camera" : [959.7910, 0.0, 696.0217, 0.0, 956.9251, 224.1806, 0.0, 0.0, 1.0],
    "right_camera" : [903.7596, 0.0, 695.7519, 0.0, 901.9653, 224.2509, 0.0, 0.0, 1.0]
  },

  "R_rect_03": [9.998321e-01, -7.193136e-03,  1.685599e-02,
                7.232804e-03,  9.999712e-01, -2.293585e-03,
               -1.683901e-02,  2.415116e-03,  9.998553e-01],

  "R_rect_02": [9.998817e-01, 1.511453e-02, -2.841595e-03,
               -1.511724e-02, 9.998853e-01, -9.338510e-04,
                2.827154e-03, 9.766976e-04,  9.999955e-01],

  "extrinsics_left" :  [9.998321e-01, -7.193136e-03,  1.685599e-02,  5.32725428e-01,
                        7.232804e-03,  9.999712e-01, -2.293585e-03, -2.74906897e-03,
                        1.683901e-02,  2.415116e-03,  9.998553e-01,  2.21457590e-08,
                        0, 0, 0,  1],

  "extrinsics_right" : [9.998817e-01, 1.511453e-02, -2.841595e-03, -5.32725428e-01,
                       -1.511724e-02, 9.998853e-01, -9.338510e-04,  2.74906897e-03,
                        2.827154e-03, 9.766976e-04,  9.999955e-01, -2.21457590e-08,
                        0, 0, 0,  1],

  "distort_left" : [-3.691481e-01, 1.968681e-01, 1.353473e-03, 5.677587e-04, -6.770705e-02],
  "distort_right" : [-3.639558e-01, 1.788651e-01, 6.029694e-04, -3.922424e-04, -5.382460e-02],

  "width": 1392,
  "height": 512
}
